featureid	rab.all	rab.win.Level_1	rab.win.Level_2	diff.btw	diff.win	effect	overlap	we.ep	we.eBH	wi.ep	wi.eBH
#q2:types	numeric	numeric	numeric	numeric	numeric	numeric	numeric	numeric	numeric	numeric	numeric
k__Bacteria;p__Bacteroidota;c__Bacteroidia;o__Cytophagales;f__Hymenobacteraceae;g__Hymenobacter	2.51491192894691	0.727442067775257	4.21428765176077	3.35996698483004	4.49579571011153	0.624652667168151	0.206653235276482	0.000945917803464414	0.0480435755989436	0.000122506207315645	0.0086714243757253
k__Bacteria;p__Firmicutes;c__Bacilli;o__Lactobacillales;f__Streptococcaceae;g__Lactococcus	4.86734320638806	1.87220979050573	5.63563762042867	3.39990676635302	4.89612571810005	0.590281507885411	0.255544361639671	0.00159253701347158	0.0831626935912576	0.000284989968718705	0.0239350325995609
k__Bacteria;p__Proteobacteria;c__Gammaproteobacteria;o__Burkholderiales;f__Alcaligenaceae;g__Achromobacter	1.8445641309907	7.85902495083388	0.292821107418804	-7.40418191831214	4.95994347818854	-1.32432474520246	0.110383085515554	3.99127053620175e-07	0.000123205554727861	2.12142016511056e-08	7.43330231705549e-06
k__Bacteria;p__Proteobacteria;c__Gammaproteobacteria;o__Pseudomonadales;f__Moraxellaceae;g__Acinetobacter	7.65653356037213	6.8251888616571	8.29793209165417	1.78198525070521	2.90808066793829	0.538032743442677	0.238790939588009	0.0019922731226446	0.0936876519398822	0.000110148344889165	0.0128007331449318
k__Bacteria;p__Proteobacteria;c__Gammaproteobacteria;o__Pseudomonadales;f__Pseudomonadaceae;g__Pseudomonas	6.79371226489672	9.77954767566781	5.71976331968194	-4.07949526171063	2.64579932557806	-1.3873871548997	0.0614919756995764	8.12528550592852e-10	5.07434929724845e-07	2.06322971734746e-12	1.72124885794764e-09
k__Bacteria;p__Proteobacteria;c__Gammaproteobacteria;o__Xanthomonadales;f__Xanthomonadaceae;g__Stenotrophomonas	3.25879893759567	0.658058251677121	5.42852628614398	4.44304251796727	4.28745906235722	0.927341534166362	0.158690189839419	1.12983516593527e-05	0.00243362909880654	5.45550940223966e-07	0.000139406073294186
