featureid	rab.all	rab.win.Level_2	rab.win.Level_3	diff.btw	diff.win	effect	overlap	we.ep	we.eBH	wi.ep	wi.eBH
#q2:types	numeric	numeric	numeric	numeric	numeric	numeric	numeric	numeric	numeric	numeric	numeric
k__Bacteria;p__Bacteroidota;c__Bacteroidia;o__Bacteroidales;f__Bacteroidaceae;g__Bacteroides	4.21819582682879	5.15153141675956	2.09407297953417	-2.6949499311714	4.31696125758616	-0.553610753582188	0.230468763419829	0.00660373987746822	0.296844116860598	0.000552383446410768	0.089896573267797
k__Bacteria;p__Firmicutes;c__Bacilli;o__Staphylococcales;f__Staphylococcaceae;g__Staphylococcus	8.20126172592105	8.57402261277308	6.75349218147889	-1.8307016672273	2.7023802526899	-0.569911863624695	0.216655837755079	0.00199519998948529	0.26739939664412	0.000191969185485687	0.0623945780620202
k__Bacteria;p__Proteobacteria;c__Alphaproteobacteria;o__Caulobacterales;f__Caulobacteraceae;g__Brevundimonas	3.40742002738637	2.29538944246399	5.09848437423673	2.96582274994694	4.50389001501213	0.610979967198567	0.222656264149678	0.00863287803613209	0.236603861226683	0.000464681547390669	0.0683763156980647
