featureid	rab.all	rab.win.Level_1	rab.win.Level_3	diff.btw	diff.win	effect	overlap	we.ep	we.eBH	wi.ep	wi.eBH
#q2:types	numeric	numeric	numeric	numeric	numeric	numeric	numeric	numeric	numeric	numeric	numeric
k__Bacteria;p__Proteobacteria;c__Gammaproteobacteria;o__Burkholderiales;f__Alcaligenaceae;g__Achromobacter	4.00961986707915	7.77999866260874	0.772107395072199	-6.41814001229138	5.35322340576816	-1.07837232174359	0.137369818689072	1.04874273140763e-05	0.00135385489557934	5.14301629086266e-06	0.000713909129875919
k__Bacteria;p__Proteobacteria;c__Gammaproteobacteria;o__Pseudomonadales;f__Moraxellaceae;g__Acinetobacter	7.60253277616496	6.74034493441153	9.93209585547446	3.10448120476155	3.15578645152441	0.903460732751424	0.123046905847233	4.80793831798007e-06	0.000778638191786537	3.78299742282226e-07	7.53047955669883e-05
k__Bacteria;p__Proteobacteria;c__Gammaproteobacteria;o__Pseudomonadales;f__Pseudomonadaceae;g__Pseudomonas	7.82793407708265	9.65226464025869	5.51685393624018	-3.91560287171412	2.93418920717781	-1.20609462247164	0.0787248397732841	8.0892753361719e-06	0.000970508679569178	1.12317260743899e-08	5.59815641350563e-06
k__Bacteria;p__Proteobacteria;c__Gammaproteobacteria;o__Xanthomonadales;f__Xanthomonadaceae;g__Stenotrophomonas	2.42177847212312	0.519789835398163	7.31928841821038	7.02845207186566	5.17298327142519	1.22686459794573	0.0982433711573238	2.95711719551417e-06	0.000438225339696771	8.19440010618842e-08	2.13377309200761e-05
