feature	metadata	value	coef	stderr	N	N.not.0	pval	qval
General_Stress_Response_and_Stationary_Phase_Response	Confinement	Level_3	-0.462678487222263	0.177554011744774	15	15	0.0229769220234483	0.127994284362175
Stress_Response	Time_point	Time_point	-0.0567135852791571	0.0233829021722288	15	15	0.0319985710905437	0.127994284362175
Virulence_Disease_and_Defense	Confinement	Level_3	-0.755738916891101	0.406010172234962	15	15	0.0873550860622515	0.232946896166004
Virulence	Time_point	Time_point	0.0381437186832931	0.026826169536309	15	15	0.180526899356461	0.361053798712921
Virulence	Confinement	Level_3	0.0600977459388164	0.0529019197505869	15	15	0.278126616807502	0.445002586892003
General_Stress_Response_and_Stationary_Phase_Response	Time_point	Time_point	-0.0859942238037218	0.0900363170821275	15	15	0.358369546508512	0.47782606201135
Stress_Response	Confinement	Level_3	-0.00212132934455399	0.0461117049371063	15	15	0.964063676393349	0.995354109175052
Virulence_Disease_and_Defense	Time_point	Time_point	-0.00122403341113453	0.205884734716462	15	15	0.995354109175052	0.995354109175052
