feature	metadata	value	coef	stderr	N	N.not.0	pval	qval
Stress_Response	Confinement	Level1	-0.310664259015246	0.0859907554342835	16	16	0.00407777690121307	0.0652444304194091
Stress_Response	Time_point	3	-0.134208838118847	0.0476990889129527	16	16	0.0168578948345394	0.134863158676315
General_Stress_Response_and_Stationary_Phase_Response	Confinement	Level2	0.462678487222264	0.185445133889338	16	16	0.0297717744263564	0.158782796940568
